Country,Year,Number of Athletes
Afghanistan,1980,11
Afghanistan,1984,0
Afghanistan,1988,5
Afghanistan,1992,0
Afghanistan,1996,2
Afghanistan,2000,0
Afghanistan,2004,5
Afghanistan,2008,4
Afghanistan,2012,6
Afghanistan,2016,6
Afghanistan,2020,5
Afghanistan,2024,4
Albania,1980,0
Albania,1984,0
Albania,1988,0
Albania,1992,7
Albania,1996,7
Albania,2000,4
Albania,2004,7
Albania,2008,11
Albania,2012,12
Albania,2016,6
Albania,2020,9
Albania,2024,7
Algeria,1980,54
Algeria,1984,33
Algeria,1988,42
Algeria,1992,35
Algeria,1996,45
Algeria,2000,47
Algeria,2004,61
Algeria,2008,56
Algeria,2012,42
Algeria,2016,64
Algeria,2020,44
Algeria,2024,45
Andorra,1980,2
Andorra,1984,2
Andorra,1988,3
Andorra,1992,8
Andorra,1996,8
Andorra,2000,5
Andorra,2004,6
Andorra,2008,5
Andorra,2012,6
Andorra,2016,5
Andorra,2020,2
Andorra,2024,2
Angola,1980,11
Angola,1984,0
Angola,1988,24
Angola,1992,28
Angola,1996,28
Angola,2000,30
Angola,2004,30
Angola,2008,32
Angola,2012,34
Angola,2016,25
Angola,2020,20
Angola,2024,23
Antigua and Barbuda,1980,0
Antigua and Barbuda,1984,14
Antigua and Barbuda,1988,15
Antigua and Barbuda,1992,13
Antigua and Barbuda,1996,13
Antigua and Barbuda,2000,3
Antigua and Barbuda,2004,5
Antigua and Barbuda,2008,5
Antigua and Barbuda,2012,5
Antigua and Barbuda,2016,9
Antigua and Barbuda,2020,6
Antigua and Barbuda,2024,5
Argentina,1980,0
Argentina,1984,81
Argentina,1988,118
Argentina,1992,84
Argentina,1996,179
Argentina,2000,143
Argentina,2004,152
Argentina,2008,132
Argentina,2012,137
Argentina,2016,213
Argentina,2020,189
Argentina,2024,136
Armenia,1980,0
Armenia,1984,0
Armenia,1988,0
Armenia,1992,0
Armenia,1996,32
Armenia,2000,25
Armenia,2004,18
Armenia,2008,25
Armenia,2012,25
Armenia,2016,33
Armenia,2020,17
Armenia,2024,14
Aruba,1980,0
Aruba,1984,0
Aruba,1988,8
Aruba,1992,5
Aruba,1996,3
Aruba,2000,5
Aruba,2004,4
Aruba,2008,2
Aruba,2012,4
Aruba,2016,9
Aruba,2020,3
Aruba,2024,6
Australia,1980,120
Australia,1984,242
Australia,1988,252
Australia,1992,279
Australia,1996,417
Australia,2000,617
Australia,2004,470
Australia,2008,433
Australia,2012,410
Australia,2016,421
Australia,2020,478
Australia,2024,460
Austria,1980,83
Austria,1984,103
Austria,1988,73
Austria,1992,102
Austria,1996,72
Austria,2000,92
Austria,2004,74
Austria,2008,70
Austria,2012,70
Austria,2016,71
Austria,2020,60
Austria,2024,77
Azerbaijan,1980,0
Azerbaijan,1984,0
Azerbaijan,1988,0
Azerbaijan,1992,0
Azerbaijan,1996,23
Azerbaijan,2000,31
Azerbaijan,2004,36
Azerbaijan,2008,44
Azerbaijan,2012,53
Azerbaijan,2016,56
Azerbaijan,2020,44
Azerbaijan,2024,47
Bahrain,1980,0
Bahrain,1984,10
Bahrain,1988,7
Bahrain,1992,10
Bahrain,1996,5
Bahrain,2000,4
Bahrain,2004,10
Bahrain,2008,14
Bahrain,2012,12
Bahrain,2016,35
Bahrain,2020,32
Bahrain,2024,13
Bangladesh,1980,0
Bangladesh,1984,1
Bangladesh,1988,6
Bangladesh,1992,6
Bangladesh,1996,4
Bangladesh,2000,5
Bangladesh,2004,4
Bangladesh,2008,5
Bangladesh,2012,5
Bangladesh,2016,7
Bangladesh,2020,6
Bangladesh,2024,4
Barbados,1980,0
Barbados,1984,16
Barbados,1988,17
Barbados,1992,17
Barbados,1996,13
Barbados,2000,18
Barbados,2004,10
Barbados,2008,8
Barbados,2012,6
Barbados,2016,12
Barbados,2020,8
Barbados,2024,4
Belarus,1980,0
Belarus,1984,0
Belarus,1988,0
Belarus,1992,0
Belarus,1996,157
Belarus,2000,139
Belarus,2004,151
Belarus,2008,177
Belarus,2012,165
Belarus,2016,121
Belarus,2020,101
Belarus,2024,0
Belgium,1980,59
Belgium,1984,63
Belgium,1988,59
Belgium,1992,68
Belgium,1996,61
Belgium,2000,68
Belgium,2004,50
Belgium,2008,94
Belgium,2012,115
Belgium,2016,108
Belgium,2020,121
Belgium,2024,165
Belize,1980,0
Belize,1984,11
Belize,1988,10
Belize,1992,10
Belize,1996,5
Belize,2000,2
Belize,2004,2
Belize,2008,4
Belize,2012,3
Belize,2016,3
Belize,2020,3
Belize,2024,1
Benin,1980,16
Benin,1984,3
Benin,1988,7
Benin,1992,6
Benin,1996,5
Benin,2000,4
Benin,2004,4
Benin,2008,5
Benin,2012,5
Benin,2016,6
Benin,2020,7
Benin,2024,3
Bhutan,1980,0
Bhutan,1984,6
Bhutan,1988,3
Bhutan,1992,6
Bhutan,1996,2
Bhutan,2000,2
Bhutan,2004,2
Bhutan,2008,2
Bhutan,2012,2
Bhutan,2016,2
Bhutan,2020,4
Bhutan,2024,3
Bolivia,1980,0
Bolivia,1984,11
Bolivia,1988,7
Bolivia,1992,13
Bolivia,1996,8
Bolivia,2000,5
Bolivia,2004,7
Bolivia,2008,7
Bolivia,2012,6
Bolivia,2016,12
Bolivia,2020,5
Bolivia,2024,3
Bosnia and Herzegovina,1980,0
Bosnia and Herzegovina,1984,0
Bosnia and Herzegovina,1988,0
Bosnia and Herzegovina,1992,10
Bosnia and Herzegovina,1996,9
Bosnia and Herzegovina,2000,9
Bosnia and Herzegovina,2004,9
Bosnia and Herzegovina,2008,5
Bosnia and Herzegovina,2012,6
Bosnia and Herzegovina,2016,11
Bosnia and Herzegovina,2020,7
Bosnia and Herzegovina,2024,5
Botswana,1980,7
Botswana,1984,7
Botswana,1988,8
Botswana,1992,6
Botswana,1996,7
Botswana,2000,7
Botswana,2004,11
Botswana,2008,11
Botswana,2012,4
Botswana,2016,12
Botswana,2020,13
Botswana,2024,10
Brazil,1980,106
Brazil,1984,147
Brazil,1988,160
Brazil,1992,182
Brazil,1996,221
Brazil,2000,198
Brazil,2004,243
Brazil,2008,268
Brazil,2012,258
Brazil,2016,465
Brazil,2020,302
Brazil,2024,277
Bulgaria,1980,271
Bulgaria,1984,0
Bulgaria,1988,172
Bulgaria,1992,138
Bulgaria,1996,110
Bulgaria,2000,91
Bulgaria,2004,95
Bulgaria,2008,70
Bulgaria,2012,63
Bulgaria,2016,51
Bulgaria,2020,42
Bulgaria,2024,47
Burkina Faso,1980,0
Burkina Faso,1984,0
Burkina Faso,1988,6
Burkina Faso,1992,4
Burkina Faso,1996,5
Burkina Faso,2000,4
Burkina Faso,2004,5
Burkina Faso,2008,6
Burkina Faso,2012,5
Burkina Faso,2016,5
Burkina Faso,2020,7
Burkina Faso,2024,8
Burundi,1980,0
Burundi,1984,0
Burundi,1988,0
Burundi,1992,0
Burundi,1996,7
Burundi,2000,6
Burundi,2004,7
Burundi,2008,3
Burundi,2012,6
Burundi,2016,9
Burundi,2020,6
Burundi,2024,7
Cambodia,1980,0
Cambodia,1984,0
Cambodia,1988,0
Cambodia,1992,0
Cambodia,1996,5
Cambodia,2000,4
Cambodia,2004,4
Cambodia,2008,4
Cambodia,2012,6
Cambodia,2016,6
Cambodia,2020,3
Cambodia,2024,2
Cameroon,1980,25
Cameroon,1984,46
Cameroon,1988,15
Cameroon,1992,8
Cameroon,1996,15
Cameroon,2000,34
Cameroon,2004,17
Cameroon,2008,32
Cameroon,2012,33
Cameroon,2016,24
Cameroon,2020,12
Cameroon,2024,6
Canada,1980,0
Canada,1984,408
Canada,1988,328
Canada,1992,295
Canada,1996,303
Canada,2000,294
Canada,2004,262
Canada,2008,332
Canada,2012,277
Canada,2016,314
Canada,2020,381
Canada,2024,318
Central African Republic,1980,0
Central African Republic,1984,3
Central African Republic,1988,15
Central African Republic,1992,15
Central African Republic,1996,5
Central African Republic,2000,3
Central African Republic,2004,4
Central African Republic,2008,3
Central African Republic,2012,6
Central African Republic,2016,6
Central African Republic,2020,2
Central African Republic,2024,1
Chad,1980,0
Chad,1984,3
Chad,1988,6
Chad,1992,6
Chad,1996,4
Chad,2000,2
Chad,2004,1
Chad,2008,2
Chad,2012,3
Chad,2016,2
Chad,2020,3
Chad,2024,3
Chile,1980,0
Chile,1984,52
Chile,1988,17
Chile,1992,12
Chile,1996,21
Chile,2000,50
Chile,2004,22
Chile,2008,26
Chile,2012,35
Chile,2016,42
Chile,2020,58
Chile,2024,48
China,1980,0
China,1984,215
China,1988,273
China,1992,244
China,1996,294
China,2000,271
China,2004,383
China,2008,599
China,2012,390
China,2016,413
China,2020,406
China,2024,398
Colombia,1980,23
Colombia,1984,39
Colombia,1988,40
Colombia,1992,49
Colombia,1996,48
Colombia,2000,44
Colombia,2004,53
Colombia,2008,67
Colombia,2012,104
Colombia,2016,147
Colombia,2020,70
Colombia,2024,89
Comoros,1980,0
Comoros,1984,0
Comoros,1988,0
Comoros,1992,0
Comoros,1996,4
Comoros,2000,2
Comoros,2004,3
Comoros,2008,3
Comoros,2012,3
Comoros,2016,4
Comoros,2020,3
Comoros,2024,3
Costa Rica,1980,29
Costa Rica,1984,28
Costa Rica,1988,16
Costa Rica,1992,16
Costa Rica,1996,11
Costa Rica,2000,7
Costa Rica,2004,20
Costa Rica,2008,8
Costa Rica,2012,11
Costa Rica,2016,10
Costa Rica,2020,14
Costa Rica,2024,7
Croatia,1980,0
Croatia,1984,0
Croatia,1988,0
Croatia,1992,39
Croatia,1996,84
Croatia,2000,88
Croatia,2004,81
Croatia,2008,99
Croatia,2012,108
Croatia,2016,87
Croatia,2020,59
Croatia,2024,73
Cyprus,1980,14
Cyprus,1984,10
Cyprus,1988,9
Cyprus,1992,17
Cyprus,1996,17
Cyprus,2000,22
Cyprus,2004,20
Cyprus,2008,17
Cyprus,2012,13
Cyprus,2016,16
Cyprus,2020,15
Cyprus,2024,16
Denmark,1980,58
Denmark,1984,60
Denmark,1988,78
Denmark,1992,110
Denmark,1996,119
Denmark,2000,97
Denmark,2004,92
Denmark,2008,84
Denmark,2012,113
Denmark,2016,122
Denmark,2020,107
Denmark,2024,125
Djibouti,1980,0
Djibouti,1984,3
Djibouti,1988,6
Djibouti,1992,8
Djibouti,1996,5
Djibouti,2000,2
Djibouti,2004,0
Djibouti,2008,2
Djibouti,2012,6
Djibouti,2016,7
Djibouti,2020,4
Djibouti,2024,7
Dominica,1980,6
Dominica,1984,19
Dominica,1988,16
Dominica,1992,32
Dominica,1996,6
Dominica,2000,4
Dominica,2004,2
Dominica,2008,24
Dominica,2012,35
Dominica,2016,29
Dominica,2020,62
Dominica,2024,56
Dominican Republic,1980,6
Dominican Republic,1984,19
Dominican Republic,1988,16
Dominican Republic,1992,32
Dominican Republic,1996,16
Dominican Republic,2000,13
Dominican Republic,2004,33
Dominican Republic,2008,24
Dominican Republic,2012,35
Dominican Republic,2016,29
Dominican Republic,2020,62
Dominican Republic,2024,56
Ecuador,1980,12
Ecuador,1984,11
Ecuador,1988,13
Ecuador,1992,13
Ecuador,1996,19
Ecuador,2000,10
Ecuador,2004,16
Ecuador,2008,25
Ecuador,2012,36
Ecuador,2016,38
Ecuador,2020,48
Ecuador,2024,40
El Salvador,1980,0
El Salvador,1984,10
El Salvador,1988,6
El Salvador,1992,4
El Salvador,1996,8
El Salvador,2000,8
El Salvador,2004,7
El Salvador,2008,11
El Salvador,2012,10
El Salvador,2016,8
El Salvador,2020,5
El Salvador,2024,8
Equatorial Guinea,1980,0
Equatorial Guinea,1984,4
Equatorial Guinea,1988,6
Equatorial Guinea,1992,7
Equatorial Guinea,1996,5
Equatorial Guinea,2000,4
Equatorial Guinea,2004,2
Equatorial Guinea,2008,3
Equatorial Guinea,2012,2
Equatorial Guinea,2016,2
Equatorial Guinea,2020,3
Equatorial Guinea,2024,1
Eritrea,1980,0
Eritrea,1984,0
Eritrea,1988,0
Eritrea,1992,0
Eritrea,1996,0
Eritrea,2000,3
Eritrea,2004,4
Eritrea,2008,10
Eritrea,2012,12
Eritrea,2016,12
Eritrea,2020,13
Eritrea,2024,12
Estonia,1980,0
Estonia,1984,0
Estonia,1988,0
Estonia,1992,37
Estonia,1996,43
Estonia,2000,33
Estonia,2004,42
Estonia,2008,47
Estonia,2012,33
Estonia,2016,45
Estonia,2020,33
Estonia,2024,23
Eswatini,1980,0
Eswatini,1984,0
Eswatini,1988,0
Eswatini,1992,0
Eswatini,1996,0
Eswatini,2000,0
Eswatini,2004,0
Eswatini,2008,0
Eswatini,2012,0
Eswatini,2016,0
Eswatini,2020,4
Eswatini,2024,2
Ethiopia,1980,41
Ethiopia,1984,0
Ethiopia,1988,0
Ethiopia,1992,20
Ethiopia,1996,18
Ethiopia,2000,26
Ethiopia,2004,26
Ethiopia,2008,27
Ethiopia,2012,35
Ethiopia,2016,34
Ethiopia,2020,38
Ethiopia,2024,34
Fiji,1980,0
Fiji,1984,14
Fiji,1988,23
Fiji,1992,18
Fiji,1996,17
Fiji,2000,7
Fiji,2004,8
Fiji,2008,6
Fiji,2012,9
Fiji,2016,51
Fiji,2020,30
Fiji,2024,32
Finland,1980,105
Finland,1984,86
Finland,1988,78
Finland,1992,88
Finland,1996,76
Finland,2000,70
Finland,2004,53
Finland,2008,57
Finland,2012,55
Finland,2016,56
Finland,2020,45
Finland,2024,56
France,1980,121
France,1984,238
France,1988,266
France,1992,339
France,1996,299
France,2000,336
France,2004,308
France,2008,323
France,2012,330
France,2016,399
France,2020,398
France,2024,573
Gabon,1980,0
Gabon,1984,4
Gabon,1988,2
Gabon,1992,5
Gabon,1996,7
Gabon,2000,5
Gabon,2004,5
Gabon,2008,4
Gabon,2012,24
Gabon,2016,6
Gabon,2020,5
Gabon,2024,4
Georgia,1980,0
Georgia,1984,0
Georgia,1988,0
Georgia,1992,0
Georgia,1996,34
Georgia,2000,36
Georgia,2004,32
Georgia,2008,35
Georgia,2012,35
Georgia,2016,39
Georgia,2020,35
Georgia,2024,27
Germany,1980,346
Germany,1984,391
Germany,1988,259
Germany,1992,463
Germany,1996,465
Germany,2000,422
Germany,2004,441
Germany,2008,463
Germany,2012,392
Germany,2016,425
Germany,2020,425
Germany,2024,427
Ghana,1980,0
Ghana,1984,21
Ghana,1988,16
Ghana,1992,34
Ghana,1996,35
Ghana,2000,22
Ghana,2004,26
Ghana,2008,9
Ghana,2012,9
Ghana,2016,14
Ghana,2020,14
Ghana,2024,8
Greece,1980,41
Greece,1984,63
Greece,1988,56
Greece,1992,70
Greece,1996,121
Greece,2000,140
Greece,2004,426
Greece,2008,152
Greece,2012,103
Greece,2016,95
Greece,2020,83
Greece,2024,101
Grenada,1980,0
Grenada,1984,6
Grenada,1988,6
Grenada,1992,4
Grenada,1996,5
Grenada,2000,3
Grenada,2004,5
Grenada,2008,9
Grenada,2012,10
Grenada,2016,7
Grenada,2020,6
Grenada,2024,3
Guatemala,1980,10
Guatemala,1984,24
Guatemala,1988,28
Guatemala,1992,14
Guatemala,1996,26
Guatemala,2000,15
Guatemala,2004,18
Guatemala,2008,12
Guatemala,2012,19
Guatemala,2016,21
Guatemala,2020,24
Guatemala,2024,15
Guinea,1980,9
Guinea,1984,4
Guinea,1988,6
Guinea,1992,13
Guinea,1996,5
Guinea,2000,4
Guinea,2004,2
Guinea,2008,7
Guinea,2012,8
Guinea,2016,8
Guinea,2020,8
Guinea,2024,22
Guinea-Bissau,1980,0
Guinea-Bissau,1984,0
Guinea-Bissau,1988,0
Guinea-Bissau,1992,0
Guinea-Bissau,1996,3
Guinea-Bissau,2000,3
Guinea-Bissau,2004,3
Guinea-Bissau,2008,3
Guinea-Bissau,2012,4
Guinea-Bissau,2016,5
Guinea-Bissau,2020,4
Guinea-Bissau,2024,4
Guyana,1980,8
Guyana,1984,10
Guyana,1988,8
Guyana,1992,6
Guyana,1996,7
Guyana,2000,4
Guyana,2004,4
Guyana,2008,4
Guyana,2012,6
Guyana,2016,6
Guyana,2020,7
Guyana,2024,4
Haiti,1980,0
Haiti,1984,3
Haiti,1988,4
Haiti,1992,7
Haiti,1996,7
Haiti,2000,5
Haiti,2004,8
Haiti,2008,7
Haiti,2012,5
Haiti,2016,10
Haiti,2020,6
Haiti,2024,6
Honduras,1980,0
Honduras,1984,10
Honduras,1988,8
Honduras,1992,10
Honduras,1996,7
Honduras,2000,20
Honduras,2004,5
Honduras,2008,25
Honduras,2012,27
Honduras,2016,26
Honduras,2020,22
Honduras,2024,4
Hungary,1980,263
Hungary,1984,0
Hungary,1988,188
Hungary,1992,217
Hungary,1996,213
Hungary,2000,178
Hungary,2004,209
Hungary,2008,171
Hungary,2012,157
Hungary,2016,160
Hungary,2020,166
Hungary,2024,173
Iceland,1980,9
Iceland,1984,30
Iceland,1988,32
Iceland,1992,27
Iceland,1996,9
Iceland,2000,18
Iceland,2004,26
Iceland,2008,27
Iceland,2012,27
Iceland,2016,8
Iceland,2020,4
Iceland,2024,5
India,1980,72
India,1984,48
India,1988,46
India,1992,52
India,1996,49
India,2000,65
India,2004,73
India,2008,53
India,2012,83
India,2016,117
India,2020,122
India,2024,113
Indonesia,1980,0
Indonesia,1984,16
Indonesia,1988,29
Indonesia,1992,42
Indonesia,1996,40
Indonesia,2000,47
Indonesia,2004,38
Indonesia,2008,24
Indonesia,2012,22
Indonesia,2016,28
Indonesia,2020,28
Indonesia,2024,29
Iraq,1980,43
Iraq,1984,23
Iraq,1988,27
Iraq,1992,8
Iraq,1996,3
Iraq,2000,4
Iraq,2004,24
Iraq,2008,4
Iraq,2012,8
Iraq,2016,23
Iraq,2020,4
Iraq,2024,21
Ireland,1980,47
Ireland,1984,42
Ireland,1988,61
Ireland,1992,58
Ireland,1996,78
Ireland,2000,64
Ireland,2004,46
Ireland,2008,55
Ireland,2012,66
Ireland,2016,77
Ireland,2020,116
Ireland,2024,133
Israel,1980,0
Israel,1984,32
Israel,1988,18
Israel,1992,30
Israel,1996,25
Israel,2000,39
Israel,2004,36
Israel,2008,43
Israel,2012,37
Israel,2016,48
Israel,2020,90
Israel,2024,88
Italy,1980,159
Italy,1984,268
Italy,1988,253
Italy,1992,304
Italy,1996,340
Italy,2000,361
Italy,2004,364
Italy,2008,0
Italy,2012,284
Italy,2016,309
Italy,2020,384
Italy,2024,366
Jamaica,1980,18
Jamaica,1984,45
Jamaica,1988,35
Jamaica,1992,36
Jamaica,1996,45
Jamaica,2000,48
Jamaica,2004,47
Jamaica,2008,50
Jamaica,2012,50
Jamaica,2016,68
Jamaica,2020,50
Jamaica,2024,58
Japan,1980,0
Japan,1984,226
Japan,1988,255
Japan,1992,256
Japan,1996,306
Japan,2000,266
Japan,2004,306
Japan,2008,0
Japan,2012,293
Japan,2016,338
Japan,2020,556
Japan,2024,411
Jordan,1980,4
Jordan,1984,13
Jordan,1988,7
Jordan,1992,4
Jordan,1996,5
Jordan,2000,8
Jordan,2004,8
Jordan,2008,7
Jordan,2012,9
Jordan,2016,8
Jordan,2020,14
Jordan,2024,12
Kazakhstan,1980,0
Kazakhstan,1984,0
Kazakhstan,1988,0
Kazakhstan,1992,0
Kazakhstan,1996,96
Kazakhstan,2000,130
Kazakhstan,2004,114
Kazakhstan,2008,130
Kazakhstan,2012,114
Kazakhstan,2016,104
Kazakhstan,2020,93
Kazakhstan,2024,79
Kenya,1980,0
Kenya,1984,61
Kenya,1988,74
Kenya,1992,49
Kenya,1996,52
Kenya,2000,56
Kenya,2004,46
Kenya,2008,46
Kenya,2012,47
Kenya,2016,89
Kenya,2020,85
Kenya,2024,72
Kosovo,1980,0
Kosovo,1984,0
Kosovo,1988,0
Kosovo,1992,0
Kosovo,1996,0
Kosovo,2000,0
Kosovo,2004,0
Kosovo,2008,0
Kosovo,2012,0
Kosovo,2016,8
Kosovo,2020,11
Kosovo,2024,9
Kuwait,1980,56
Kuwait,1984,23
Kuwait,1988,25
Kuwait,1992,32
Kuwait,1996,25
Kuwait,2000,29
Kuwait,2004,11
Kuwait,2008,8
Kuwait,2012,11
Kuwait,2016,0
Kuwait,2020,11
Kuwait,2024,9
Latvia,1980,0
Latvia,1984,0
Latvia,1988,0
Latvia,1992,34
Latvia,1996,47
Latvia,2000,45
Latvia,2004,32
Latvia,2008,47
Latvia,2012,46
Latvia,2016,34
Latvia,2020,33
Latvia,2024,29
Lebanon,1980,15
Lebanon,1984,22
Lebanon,1988,21
Lebanon,1992,12
Lebanon,1996,1
Lebanon,2000,6
Lebanon,2004,5
Lebanon,2008,6
Lebanon,2012,10
Lebanon,2016,9
Lebanon,2020,6
Lebanon,2024,9
Lesotho,1980,5
Lesotho,1984,4
Lesotho,1988,6
Lesotho,1992,6
Lesotho,1996,9
Lesotho,2000,6
Lesotho,2004,3
Lesotho,2008,5
Lesotho,2012,4
Lesotho,2016,8
Lesotho,2020,2
Lesotho,2024,3
Liberia,1980,0
Liberia,1984,7
Liberia,1988,8
Liberia,1992,0
Liberia,1996,5
Liberia,2000,8
Liberia,2004,2
Liberia,2008,3
Liberia,2012,4
Liberia,2016,2
Liberia,2020,3
Liberia,2024,8
Libya,1980,29
Libya,1984,0
Libya,1988,6
Libya,1992,5
Libya,1996,5
Libya,2000,3
Libya,2004,8
Libya,2008,6
Libya,2012,5
Libya,2016,7
Libya,2020,4
Libya,2024,5
Lithuania,1980,0
Lithuania,1984,0
Lithuania,1988,0
Lithuania,1992,47
Lithuania,1996,61
Lithuania,2000,61
Lithuania,2004,59
Lithuania,2008,71
Lithuania,2012,62
Lithuania,2016,67
Lithuania,2020,42
Lithuania,2024,50
Luxembourg,1980,3
Luxembourg,1984,5
Luxembourg,1988,8
Luxembourg,1992,6
Luxembourg,1996,6
Luxembourg,2000,7
Luxembourg,2004,10
Luxembourg,2008,13
Luxembourg,2012,9
Luxembourg,2016,10
Luxembourg,2020,12
Luxembourg,2024,14
Madagascar,1980,11
Madagascar,1984,5
Madagascar,1988,0
Madagascar,1992,13
Madagascar,1996,11
Madagascar,2000,11
Madagascar,2004,8
Madagascar,2008,6
Madagascar,2012,7
Madagascar,2016,6
Madagascar,2020,6
Madagascar,2024,6
Malawi,1980,0
Malawi,1984,15
Malawi,1988,16
Malawi,1992,4
Malawi,1996,2
Malawi,2000,2
Malawi,2004,4
Malawi,2008,4
Malawi,2012,3
Malawi,2016,5
Malawi,2020,5
Malawi,2024,2
Malaysia,1980,0
Malaysia,1984,21
Malaysia,1988,9
Malaysia,1992,26
Malaysia,1996,35
Malaysia,2000,40
Malaysia,2004,26
Malaysia,2008,32
Malaysia,2012,30
Malaysia,2016,32
Malaysia,2020,30
Malaysia,2024,26
Maldives,1980,0
Maldives,1984,0
Maldives,1988,7
Maldives,1992,7
Maldives,1996,6
Maldives,2000,4
Maldives,2004,4
Maldives,2008,4
Maldives,2012,5
Maldives,2016,4
Maldives,2020,4
Maldives,2024,4
Mali,1980,7
Mali,1984,4
Mali,1988,6
Mali,1992,5
Mali,1996,3
Mali,2000,5
Mali,2004,21
Mali,2008,17
Mali,2012,6
Mali,2016,6
Mali,2020,4
Mali,2024,22
Malta,1980,8
Malta,1984,7
Malta,1988,6
Malta,1992,6
Malta,1996,7
Malta,2000,7
Malta,2004,7
Malta,2008,6
Malta,2012,5
Malta,2016,7
Malta,2020,6
Malta,2024,5
Mauritania,1980,0
Mauritania,1984,2
Mauritania,1988,6
Mauritania,1992,6
Mauritania,1996,4
Mauritania,2000,2
Mauritania,2004,2
Mauritania,2008,2
Mauritania,2012,2
Mauritania,2016,2
Mauritania,2020,2
Mauritania,2024,1
Mauritius,1980,0
Mauritius,1984,4
Mauritius,1988,8
Mauritius,1992,13
Mauritius,1996,26
Mauritius,2000,20
Mauritius,2004,9
Mauritius,2008,11
Mauritius,2012,11
Mauritius,2016,12
Mauritius,2020,8
Mauritius,2024,12
Mexico,1980,45
Mexico,1984,99
Mexico,1988,83
Mexico,1992,102
Mexico,1996,98
Mexico,2000,78
Mexico,2004,109
Mexico,2008,83
Mexico,2012,102
Mexico,2016,125
Mexico,2020,162
Mexico,2024,107
Moldova,1980,0
Moldova,1984,0
Moldova,1988,0
Moldova,1992,0
Moldova,1996,40
Moldova,2000,34
Moldova,2004,33
Moldova,2008,29
Moldova,2012,22
Moldova,2016,23
Moldova,2020,20
Moldova,2024,26
Mongolia,1980,43
Mongolia,1984,0
Mongolia,1988,28
Mongolia,1992,33
Mongolia,1996,16
Mongolia,2000,20
Mongolia,2004,20
Mongolia,2008,28
Mongolia,2012,29
Mongolia,2016,43
Mongolia,2020,43
Mongolia,2024,32
Montenegro,1980,0
Montenegro,1984,0
Montenegro,1988,0
Montenegro,1992,0
Montenegro,1996,0
Montenegro,2000,0
Montenegro,2004,85
Montenegro,2008,19
Montenegro,2012,33
Montenegro,2016,34
Montenegro,2020,34
Montenegro,2024,18
Morocco,1980,0
Morocco,1984,34
Morocco,1988,27
Morocco,1992,44
Morocco,1996,34
Morocco,2000,55
Morocco,2004,55
Morocco,2008,47
Morocco,2012,67
Morocco,2016,51
Morocco,2020,50
Morocco,2024,59
Mozambique,1980,14
Mozambique,1984,9
Mozambique,1988,8
Mozambique,1992,6
Mozambique,1996,3
Mozambique,2000,5
Mozambique,2004,4
Mozambique,2008,4
Mozambique,2012,6
Mozambique,2016,6
Mozambique,2020,10
Mozambique,2024,6
Myanmar,1980,0
Myanmar,1984,0
Myanmar,1988,0
Myanmar,1992,4
Myanmar,1996,3
Myanmar,2000,7
Myanmar,2004,2
Myanmar,2008,6
Myanmar,2012,6
Myanmar,2016,7
Myanmar,2020,3
Myanmar,2024,1
Namibia,1980,0
Namibia,1984,0
Namibia,1988,0
Namibia,1992,6
Namibia,1996,8
Namibia,2000,11
Namibia,2004,8
Namibia,2008,10
Namibia,2012,9
Namibia,2016,10
Namibia,2020,11
Namibia,2024,4
Nepal,1980,10
Nepal,1984,10
Nepal,1988,16
Nepal,1992,2
Nepal,1996,6
Nepal,2000,5
Nepal,2004,6
Nepal,2008,8
Nepal,2012,5
Nepal,2016,7
Nepal,2020,5
Nepal,2024,7
Netherlands,1980,75
Netherlands,1984,136
Netherlands,1988,147
Netherlands,1992,201
Netherlands,1996,239
Netherlands,2000,231
Netherlands,2004,210
Netherlands,2008,237
Netherlands,2012,175
Netherlands,2016,242
Netherlands,2020,278
Netherlands,2024,258
New Zealand,1980,4
New Zealand,1984,130
New Zealand,1988,83
New Zealand,1992,134
New Zealand,1996,95
New Zealand,2000,147
New Zealand,2004,148
New Zealand,2008,178
New Zealand,2012,184
New Zealand,2016,199
New Zealand,2020,211
New Zealand,2024,195
Nicaragua,1980,5
Nicaragua,1984,5
Nicaragua,1988,0
Nicaragua,1992,8
Nicaragua,1996,26
Nicaragua,2000,6
Nicaragua,2004,5
Nicaragua,2008,6
Nicaragua,2012,6
Nicaragua,2016,5
Nicaragua,2020,8
Nicaragua,2024,6
Niger,1980,44
Niger,1984,4
Niger,1988,6
Niger,1992,55
Niger,1996,3
Niger,2000,4
Niger,2004,4
Niger,2008,74
Niger,2012,55
Niger,2016,75
Niger,2020,60
Niger,2024,87
Nigeria,1980,44
Nigeria,1984,32
Nigeria,1988,69
Nigeria,1992,55
Nigeria,1996,65
Nigeria,2000,83
Nigeria,2004,70
Nigeria,2008,74
Nigeria,2012,55
Nigeria,2016,75
Nigeria,2020,60
Nigeria,2024,87
North Macedonia,1980,0
North Macedonia,1984,0
North Macedonia,1988,0
North Macedonia,1992,0
North Macedonia,1996,0
North Macedonia,2000,0
North Macedonia,2004,0
North Macedonia,2008,0
North Macedonia,2012,0
North Macedonia,2016,0
North Macedonia,2020,8
North Macedonia,2024,5
Norway,1980,0
Norway,1984,103
Norway,1988,69
Norway,1992,83
Norway,1996,97
Norway,2000,93
Norway,2004,52
Norway,2008,84
Norway,2012,64
Norway,2016,62
Norway,2020,75
Norway,2024,107
Oman,1980,226
Oman,1984,16
Oman,1988,8
Oman,1992,173
Oman,1996,4
Oman,2000,6
Oman,2004,2
Oman,2008,101
Oman,2012,103
Oman,2016,97
Oman,2020,101
Oman,2024,107
Pakistan,1980,0
Pakistan,1984,31
Pakistan,1988,30
Pakistan,1992,27
Pakistan,1996,24
Pakistan,2000,27
Pakistan,2004,26
Pakistan,2008,21
Pakistan,2012,21
Pakistan,2016,7
Pakistan,2020,10
Pakistan,2024,7
Panama,1980,0
Panama,1984,8
Panama,1988,6
Panama,1992,5
Panama,1996,7
Panama,2000,6
Panama,2004,4
Panama,2008,5
Panama,2012,7
Panama,2016,10
Panama,2020,10
Panama,2024,8
Papua New Guinea,1980,0
Papua New Guinea,1984,7
Papua New Guinea,1988,11
Papua New Guinea,1992,13
Papua New Guinea,1996,11
Papua New Guinea,2000,5
Papua New Guinea,2004,4
Papua New Guinea,2008,7
Papua New Guinea,2012,8
Papua New Guinea,2016,8
Papua New Guinea,2020,8
Papua New Guinea,2024,5
Paraguay,1980,0
Paraguay,1984,14
Paraguay,1988,10
Paraguay,1992,27
Paraguay,1996,7
Paraguay,2000,5
Paraguay,2004,22
Paraguay,2008,7
Paraguay,2012,8
Paraguay,2016,11
Paraguay,2020,8
Paraguay,2024,28
Peru,1980,28
Peru,1984,35
Peru,1988,21
Peru,1992,16
Peru,1996,29
Peru,2000,21
Peru,2004,12
Peru,2008,13
Peru,2012,16
Peru,2016,29
Peru,2020,35
Peru,2024,26
Philippines,1980,0
Philippines,1984,19
Philippines,1988,31
Philippines,1992,26
Philippines,1996,12
Philippines,2000,20
Philippines,2004,16
Philippines,2008,15
Philippines,2012,11
Philippines,2016,13
Philippines,2020,19
Philippines,2024,22
Poland,1980,306
Poland,1984,0
Poland,1988,143
Poland,1992,201
Poland,1996,165
Poland,2000,187
Poland,2004,194
Poland,2008,257
Poland,2012,218
Poland,2016,243
Poland,2020,210
Poland,2024,211
Portugal,1980,11
Portugal,1984,38
Portugal,1988,65
Portugal,1992,90
Portugal,1996,107
Portugal,2000,61
Portugal,2004,81
Portugal,2008,77
Portugal,2012,77
Portugal,2016,92
Portugal,2020,92
Portugal,2024,73
Puerto Rico,1980,3
Puerto Rico,1984,51
Puerto Rico,1988,47
Puerto Rico,1992,71
Puerto Rico,1996,69
Puerto Rico,2000,29
Puerto Rico,2004,43
Puerto Rico,2008,22
Puerto Rico,2012,25
Puerto Rico,2016,42
Puerto Rico,2020,37
Puerto Rico,2024,51
Qatar,1980,0
Qatar,1984,24
Qatar,1988,10
Qatar,1992,28
Qatar,1996,12
Qatar,2000,17
Qatar,2004,15
Qatar,2008,20
Qatar,2012,12
Qatar,2016,38
Qatar,2020,16
Qatar,2024,13
Romania,1980,226
Romania,1984,124
Romania,1988,68
Romania,1992,173
Romania,1996,165
Romania,2000,145
Romania,2004,108
Romania,2008,101
Romania,2012,103
Romania,2016,97
Romania,2020,101
Romania,2024,107
Rwanda,1980,0
Rwanda,1984,3
Rwanda,1988,6
Rwanda,1992,10
Rwanda,1996,4
Rwanda,2000,5
Rwanda,2004,5
Rwanda,2008,4
Rwanda,2012,7
Rwanda,2016,8
Rwanda,2020,6
Rwanda,2024,8
Samoa,1980,0
Samoa,1984,8
Samoa,1988,6
Samoa,1992,5
Samoa,1996,7
Samoa,2000,4
Samoa,2004,3
Samoa,2008,6
Samoa,2012,8
Samoa,2016,8
Samoa,2020,8
Samoa,2024,24
San Marino,1980,16
San Marino,1984,19
San Marino,1988,11
San Marino,1992,17
San Marino,1996,7
San Marino,2000,4
San Marino,2004,5
San Marino,2008,4
San Marino,2012,4
San Marino,2016,4
San Marino,2020,5
San Marino,2024,5
Saudi Arabia,1980,0
Saudi Arabia,1984,37
Saudi Arabia,1988,9
Saudi Arabia,1992,9
Saudi Arabia,1996,29
Saudi Arabia,2000,18
Saudi Arabia,2004,16
Saudi Arabia,2008,14
Saudi Arabia,2012,19
Saudi Arabia,2016,12
Saudi Arabia,2020,29
Saudi Arabia,2024,8
Senegal,1980,32
Senegal,1984,24
Senegal,1988,23
Senegal,1992,20
Senegal,1996,11
Senegal,2000,26
Senegal,2004,15
Senegal,2008,15
Senegal,2012,31
Senegal,2016,22
Senegal,2020,9
Senegal,2024,10
Serbia,1980,0
Serbia,1984,0
Serbia,1988,0
Serbia,1992,0
Serbia,1996,0
Serbia,2000,0
Serbia,2004,85
Serbia,2008,87
Serbia,2012,115
Serbia,2016,104
Serbia,2020,86
Serbia,2024,112
Seychelles,1980,11
Seychelles,1984,9
Seychelles,1988,0
Seychelles,1992,11
Seychelles,1996,9
Seychelles,2000,9
Seychelles,2004,9
Seychelles,2008,9
Seychelles,2012,6
Seychelles,2016,10
Seychelles,2020,5
Seychelles,2024,2
Sierra Leone,1980,14
Sierra Leone,1984,7
Sierra Leone,1988,12
Sierra Leone,1992,11
Sierra Leone,1996,14
Sierra Leone,2000,3
Sierra Leone,2004,2
Sierra Leone,2008,3
Sierra Leone,2012,2
Sierra Leone,2016,4
Sierra Leone,2020,4
Sierra Leone,2024,3
Singapore,1980,0
Singapore,1984,5
Singapore,1988,8
Singapore,1992,14
Singapore,1996,14
Singapore,2000,14
Singapore,2004,16
Singapore,2008,25
Singapore,2012,23
Singapore,2016,25
Singapore,2020,23
Singapore,2024,23
Slovenia,1980,0
Slovenia,1984,0
Slovenia,1988,0
Slovenia,1992,35
Slovenia,1996,37
Slovenia,2000,74
Slovenia,2004,79
Slovenia,2008,61
Slovenia,2012,65
Slovenia,2016,61
Slovenia,2020,53
Slovenia,2024,90
Solomon Islands,1980,0
Solomon Islands,1984,3
Solomon Islands,1988,4
Solomon Islands,1992,1
Solomon Islands,1996,4
Solomon Islands,2000,2
Solomon Islands,2004,2
Solomon Islands,2008,3
Solomon Islands,2012,4
Solomon Islands,2016,3
Solomon Islands,2020,3
Solomon Islands,2024,1
Somalia,1980,0
Somalia,1984,7
Somalia,1988,5
Somalia,1992,0
Somalia,1996,4
Somalia,2000,2
Somalia,2004,2
Somalia,2008,2
Somalia,2012,2
Somalia,2016,2
Somalia,2020,2
Somalia,2024,0
South Africa,1980,0
South Africa,1984,0
South Africa,1988,0
South Africa,1992,93
South Africa,1996,84
South Africa,2000,127
South Africa,2004,106
South Africa,2008,134
South Africa,2012,125
South Africa,2016,137
South Africa,2020,177
South Africa,2024,149
South Sudan,1980,0
South Sudan,1984,0
South Sudan,1988,0
South Sudan,1992,0
South Sudan,1996,0
South Sudan,2000,0
South Sudan,2004,0
South Sudan,2008,0
South Sudan,2012,0
South Sudan,2016,3
South Sudan,2020,2
South Sudan,2024,12
Spain,1980,155
Spain,1984,179
Spain,1988,229
Spain,1992,422
Spain,1996,289
Spain,2000,321
Spain,2004,316
Spain,2008,283
Spain,2012,278
Spain,2016,306
Spain,2020,321
Spain,2024,382
Sri Lanka,1980,4
Sri Lanka,1984,4
Sri Lanka,1988,6
Sri Lanka,1992,11
Sri Lanka,1996,9
Sri Lanka,2000,18
Sri Lanka,2004,7
Sri Lanka,2008,8
Sri Lanka,2012,7
Sri Lanka,2016,9
Sri Lanka,2020,9
Sri Lanka,2024,6
Sudan,1980,0
Sudan,1984,7
Sudan,1988,8
Sudan,1992,6
Sudan,1996,4
Sudan,2000,3
Sudan,2004,4
Sudan,2008,9
Sudan,2012,6
Sudan,2016,6
Sudan,2020,5
Sudan,2024,12
Suriname,1980,0
Suriname,1984,5
Suriname,1988,6
Suriname,1992,0
Suriname,1996,7
Suriname,2000,4
Suriname,2004,4
Suriname,2008,4
Suriname,2012,5
Suriname,2016,6
Suriname,2020,3
Suriname,2024,2
Sweden,1980,145
Sweden,1984,174
Sweden,1988,184
Sweden,1992,187
Sweden,1996,177
Sweden,2000,150
Sweden,2004,115
Sweden,2008,123
Sweden,2012,134
Sweden,2016,152
Sweden,2020,134
Sweden,2024,117
Switzerland,1980,73
Switzerland,1984,129
Switzerland,1988,99
Switzerland,1992,102
Switzerland,1996,115
Switzerland,2000,102
Switzerland,2004,98
Switzerland,2008,83
Switzerland,2012,102
Switzerland,2016,104
Switzerland,2020,107
Switzerland,2024,127
Tajikistan,1980,0
Tajikistan,1984,0
Tajikistan,1988,0
Tajikistan,1992,0
Tajikistan,1996,8
Tajikistan,2000,4
Tajikistan,2004,9
Tajikistan,2008,15
Tajikistan,2012,16
Tajikistan,2016,7
Tajikistan,2020,11
Tajikistan,2024,11
Tanzania,1980,41
Tanzania,1984,18
Tanzania,1988,10
Tanzania,1992,9
Tanzania,1996,7
Tanzania,2000,4
Tanzania,2004,8
Tanzania,2008,9
Tanzania,2012,7
Tanzania,2016,7
Tanzania,2020,3
Tanzania,2024,7
Thailand,1980,0
Thailand,1984,35
Thailand,1988,14
Thailand,1992,46
Thailand,1996,37
Thailand,2000,52
Thailand,2004,42
Thailand,2008,47
Thailand,2012,37
Thailand,2016,54
Thailand,2020,42
Thailand,2024,51
Togo,1980,0
Togo,1984,6
Togo,1988,6
Togo,1992,6
Togo,1996,5
Togo,2000,3
Togo,2004,3
Togo,2008,4
Togo,2012,6
Togo,2016,5
Togo,2020,4
Togo,2024,2
Trinidad and Tobago,1980,9
Trinidad and Tobago,1984,16
Trinidad and Tobago,1988,6
Trinidad and Tobago,1992,7
Trinidad and Tobago,1996,12
Trinidad and Tobago,2000,19
Trinidad and Tobago,2004,19
Trinidad and Tobago,2008,28
Trinidad and Tobago,2012,30
Trinidad and Tobago,2016,32
Trinidad and Tobago,2020,22
Trinidad and Tobago,2024,18
Tunisia,1980,0
Tunisia,1984,23
Tunisia,1988,41
Tunisia,1992,13
Tunisia,1996,51
Tunisia,2000,47
Tunisia,2004,54
Tunisia,2008,26
Tunisia,2012,83
Tunisia,2016,61
Tunisia,2020,62
Tunisia,2024,26
Turkmenistan,1980,0
Turkmenistan,1984,0
Turkmenistan,1988,0
Turkmenistan,1992,0
Turkmenistan,1996,7
Turkmenistan,2000,8
Turkmenistan,2004,9
Turkmenistan,2008,10
Turkmenistan,2012,10
Turkmenistan,2016,9
Turkmenistan,2020,9
Turkmenistan,2024,3
Uganda,1980,13
Uganda,1984,26
Uganda,1988,24
Uganda,1992,8
Uganda,1996,10
Uganda,2000,13
Uganda,2004,11
Uganda,2008,11
Uganda,2012,16
Uganda,2016,21
Uganda,2020,25
Uganda,2024,24
Ukraine,1980,0
Ukraine,1984,0
Ukraine,1988,0
Ukraine,1992,0
Ukraine,1996,231
Ukraine,2000,230
Ukraine,2004,239
Ukraine,2008,243
Ukraine,2012,237
Ukraine,2016,203
Ukraine,2020,155
Ukraine,2024,143
United Arab Emirates,1980,0
United Arab Emirates,1984,7
United Arab Emirates,1988,12
United Arab Emirates,1992,13
United Arab Emirates,1996,4
United Arab Emirates,2000,4
United Arab Emirates,2004,4
United Arab Emirates,2008,8
United Arab Emirates,2012,26
United Arab Emirates,2016,13
United Arab Emirates,2020,5
United Arab Emirates,2024,12
United States,1980,0
United States,1984,522
United States,1988,527
United States,1992,545
United States,1996,646
United States,2000,586
United States,2004,533
United States,2008,588
United States,2012,530
United States,2016,554
United States,2020,615
United States,2024,598
Uruguay,1980,0
Uruguay,1984,18
Uruguay,1988,15
Uruguay,1992,16
Uruguay,1996,14
Uruguay,2000,15
Uruguay,2004,15
Uruguay,2008,12
Uruguay,2012,29
Uruguay,2016,17
Uruguay,2020,11
Uruguay,2024,25
Uzbekistan,1980,0
Uzbekistan,1984,0
Uzbekistan,1988,0
Uzbekistan,1992,0
Uzbekistan,1996,71
Uzbekistan,2000,70
Uzbekistan,2004,69
Uzbekistan,2008,56
Uzbekistan,2012,54
Uzbekistan,2016,70
Uzbekistan,2020,65
Uzbekistan,2024,86
Vanuatu,1980,0
Vanuatu,1984,0
Vanuatu,1988,4
Vanuatu,1992,6
Vanuatu,1996,4
Vanuatu,2000,3
Vanuatu,2004,2
Vanuatu,2008,3
Vanuatu,2012,5
Vanuatu,2016,4
Vanuatu,2020,3
Vanuatu,2024,5
Zambia,1980,37
Zambia,1984,16
Zambia,1988,29
Zambia,1992,9
Zambia,1996,8
Zambia,2000,8
Zambia,2004,6
Zambia,2008,8
Zambia,2012,7
Zambia,2016,7
Zambia,2020,26
Zambia,2024,28
Zimbabwe,1980,42
Zimbabwe,1984,15
Zimbabwe,1988,29
Zimbabwe,1992,19
Zimbabwe,1996,13
Zimbabwe,2000,16
Zimbabwe,2004,12
Zimbabwe,2008,13
Zimbabwe,2012,7
Zimbabwe,2016,31
Zimbabwe,2020,5
Zimbabwe,2024,7
